specifically dependent continuant;posture phenotype;"observable characteristic of behavior related with the intentionally or habitually assumed arrangement of the body and its limbs." [nbo:gvg]
specifically dependent continuant;motor coordination phenotype;"observable characteristic of behavior related to the coordination of combinations of body movements created with the kinematic (such as spatial direction) and kinetic (force) parameters that result in intended actions." [nbo:gvg]
specifically dependent continuant;learning and/or memory behavior phenotype;"observable characteristic of behaviour related to the acquisition and processing of information and/or the storage and retrieval of this information over time." [nbo:gvg]
specifically dependent continuant;somatic sensation related behavior phenotype;"a phenotype manifested by a behavior related to the sensations arising from the skin and from the muscles, tendons, and joints." [nbo:gvg]
specifically dependent continuant;vestibular behavior phenotype;"observable characteristic of behavior related to the awareness of body balance and movement." [nbo:gvg]
specifically dependent continuant;ataxia;"inability to coordinate voluntary muscular movements." [nbo:gvg]
specifically dependent continuant;hypermetria;"overshooting the intended position." [wikipedia:dysmetria]
specifically dependent continuant;hypometria;"undershooting the intended position." [wikipedia:dysmetria]
specifically dependent continuant;chemosensory behavior phenotype;"observable characteristic of behavior related to the sensation of chemicals." [nbo:gvg]
specifically dependent continuant;auditory behavior phenotype;"observable characteristic of behavior related to the actions or reactions of an organism in response to a sound." [nbo:gvg]
specifically dependent continuant;cognitive behavior phenotype;"observable characteristic of behaviour related to cognitive processes." [nbo:rh]
specifically dependent continuant;senility;"a degenerative state of the brain resulting in impairment of memory, judgment, attention span, problem solving skills, the inability to perform previously learned skills that cannot be attributed to deficits of motor or sensory function, and a global loss of cognitive abilities." [mesh:national library of medicine medical subject headings]
specifically dependent continuant;forgetfulness;"loss of information already encoded and stored in an individual's long term memory." [wikipedia:forgetting]
specifically dependent continuant;olfactory behavior phenotype;"observable characteristic of behavior related to the sensation of odors." [nbo:gvg]
specifically dependent continuant;learning behavior phenotype;"observable characteristic of behaviour associated with any process in an organism in which a relatively long-lasting adaptive behavioral change occurs as the result of experience." [nbo:gvg]
specifically dependent continuant;memory behavior phenotype;"observable characteristic of behaviour related to the ability of an organism's ability to store, retain, and recall information and experiences." [nbo:gvg]
specifically dependent continuant;sensation behavior phenotype;"observable characteristic of behavior related any of the five senses -- vision, touch, smell, taste, and hearing." [nbo:gvg]
specifically dependent continuant;visual behavior phenotype;"a phenotype manifested by a behavior related to the actions or reactions of an organism in response to a visual stimulus." [nbo:gvg]
specifically dependent continuant;dysmetria;"lack of coordination of movement typified by the undershoot or overshoot of intended position with the hand, arm, leg, or eye." [wikipedia:dysmetria]
specifically dependent continuant;titubation;"posture distinguished by a faltering gait while walking and/or a swaying motion of the trunk or head while resting." [jax:<new dbxref>]
specifically dependent continuant;delusion;"a belief that is either mistaken or not substantiated that is held with vehemence." [wikipedia:delusion]
specifically dependent continuant;catalepsy;"a pathological behavior characterized by muscular rigidity and fixation of posture regardless of external stimuli, as well as decreased sensitivity to pain." [wikipedia:catalepsy]
process;walking behavior;the act of locomoting on limbs with body off the ground such that at least one limb is always touching the ground [nbo:ac]
process;acoustic startle reflex;"an action or movement due to the application of a sudden unexpected loud noise." [nbo:gvg]
process;consciousness behavior;"behavior related to a variety of aspects of the relationship between the mind and the world with which it interacts." [wikipedia:consciousness]
process;mate sampling;general category of behaviors including sampling of medium to detect presence of possible mates, and sampling of encountered individuals to determine mate suitability.
process;phonotaxis;"locomotory orientation in response to sound." [nbo:gvg]
process;nutrient locating;movement directed to the detection of new resources.
process;irritability behavior;"behavior characterized by a quick excitability to annoyance, impatience, or anger." [nbo:gvg]
process;fear behavior towards objects;"an emotional behavior related to a feeling of uneasiness or nervousness in respect to an object." [nbo:gvg]
process;phototactic behavior;"locomotory orientation in response to light." [go:0042331]
process;perception of motion behavior;"perception relating to the process of inferring the speed and direction of elements in a scene based on visual, vestibular and proprioceptive inputs." [wikipedia:motion perception]
process;regulation of saccharin consumption;"any process that modulates the frequency, rate or extent of saccharin consumption, the specific actions or reactions of an organism in response to external or internal stimuli." [nboc:gvg]
process;food processing;behaviors that prepare food for consumption, such as nut-cracking or peeling.
process;episodic memory;"ability to explicitly recall information about a specific event that has occurred at a specific time and place." [nbo:gvg]
process;mouth brooding;process of retaining developing eggs in the mouth cavity.
process;conceptual priming;"a type of priming based on the meaning of a stimulus and is enhanced by semantic task." [nbo:gvg]
process;head shaking;"movement of the head in the horizontal plane." [nbo:gvg]
process;sexual activity;"behaviour related to the activity which primary purpose is the sexual reproduction." [nbo:gvg]
process;nicotine consumption;"behavior related to the intake of nicotine." [nboc:gvg]
process;cigarette smoking behavior;smoking behavior that involves burning a substance such as tobacco wrapped in paper and inhaling the smoke.
process;olfactory behavior;"behavior related to the sensation of odors." [nbo:gvg]
process;sensory adaptation;"change in the responsiveness of a sensory system when confronted with a constant stimulus." [nbo:gvg]
process;thermotaxis;"locomotory orientation in response to a temperature gradient." [go:0043052]
process;somatic sensation related behavior;"behavior related to the sensations arising from the skin and from the muscles, tendons, and joints." [obp:gvg]
process;multidirectional head movement;"movement of the head in multiple directions." [nbo:gvg]
process;fear-related behavior;"an emotional behavior related to a feeling of uneasiness or nervousness triggered by a specified triggering stimulus such as pain or the threat of danger." [nbo:gvg]
process;visual object recognition;"ability to perceive the physical properties of an object (such as shape, colour and texture) and apply semantic attributes to the object, which includes the understanding of its use, previous experience with the object and how it relates to others." [wikipedia:cognitive neuroscience of visual object recognition]
process;displacement behavior;an acitvity that seems irrelevant to its behavioral context to a human observer and often occurs when its performer is in a conflict situation.
process;assessment behavior;a behavior on the part of one individual associated with evaluating the fighting ability or correlates of fighting ability of a potential opponent.
process;attention behavior;"the sustained focus of cognitive resources on information while filtering or ignoring extraneous information. intended to encompass only attention to perceptual stimuli. " [wikipedia:attention]
process;postural reflex;"a reflex that maintains body position and equilibrium either during rest or during movement." [nbo:gvg]
process;vestibular behavior;"behavior related to the awareness of body balance and movement." [mbp:gvg]
process;playing behavior;a very broad category including the partial or complete performance of adult functional behaviors in non-functional contexts, as well as interactive behaviors peculiar to immature animals [nbo:ac]
process;sexual interference;usually interference by members of one sex in the completion of courtship or mating activities by one or more members of the same sex.
process;withdrawal reflex;"a reflex where the body reacts to pain or unpleasant stimuli by trying to move itself away from the source." [nbo:gvg]
process;declarative memory;"ability to become conscious of, or declare, facts and experiences." [nbo:gvg]
process;walking reflex;"a reflex that causes the infant to attempt to 'walk' by placing one foot in front of the other when the soles of their feet touch a flat surface." [wikipedia:primitive reflexes]
process;corneal reflex;"an involuntary blinking of the eyelids elicited by stimulation of the cornea." [wikipedia:corneal reflex]
process;eidetic memory;"the ability to recall images, sounds, or objects in memory with extreme precision and in abundant volume." [wikipedia:eidetic memory]
process;short term spatial memory;"a type of memory that allows one to temporarily store and manage information about one's environment and its spatial orientation." [wikipedia:spatial memory]
process;visual behavior;"behavior related to the actions or reactions of an organism in response to a visual stimulus." [go:0007632]
process;distress signaling;signals emitted by an animal trapped or captured by a presumed predator.
process;mating behavior;"behavior related to the interactions between organisms for the purpose of mating." [nbo:gvg]
process;shape constancy behavior;"the perception of familiar objects as approximately the same shape regardless of their distance or angle of view from the observer." [nbo:gvg]
process;motor memory;"consolidating a specific motor task into memory through repetition." [nbo:gvg]
process;social learning;"the sociological process of training individuals in a society to act or respond in a manner generally approved by the society in general and peer groups within society." [wikipedia:social conditioning]
process;response to novel object;"behavior related to the exploration/investigation of a novel obhject." [nbo:gvg]
process;optokinetic behavior;"behavior related to the actions or reactions of an organism pertaining to movement of the eyes and of objects in the visual field, as in nystagmus." [go:0007634]
process;retreat behavior;behavior by which an animal removes itself spatially from an agonistic encounter in which it is not the winner [nbo:ac]
process;saltation;"behavior related to the upward thrust produced by the rapid, simultaneous extension of the hind legs with the intend to rise in the air." [nbo:gvg]
process;short-term memory;"a type of memory that allows the recall of something from several seconds to as long as a minute." [nbo:gvg]
process;submissive behavior;any behavior that tends to prevent further or future attack, often by signalling a willingness to yield or surrender [nbo:ac]
process;stress-induced hypothermia;"increase in core body termperature in response to stress or anticipatory anxiety." [nboc:gvg]
process;recovery from cache;removal of food resource from previously-stored supply of food.
process;locomotory behavior;movement from place to place of an organism." [go:0007626]
process;nursing play;"play behavior associated with the exhibition of parenting behavior by non-parents." [nbo:gvg]
process;retropulsion;"moving backwards." [nbo:gvg]
process;clutching reflex;"a mouse reflex that elicidated the clasping of front and/or hind feet almost immediately upon being lifted by tail." [europhenome:]
process;perceptual illusion behavior;"misperception of stimuli, where what is perceived does not correspond to the actual dimensions or qualities of the physical stimulus." [jrank:http\://science.jrank.org/pages/5094/perception.html]
process;body part movement;a change of place or position of part of an organism that does not involve the entire organism [nbo:smac]
process;acoustic reflex;"an involuntary muscle contraction that occurs in the middle ear of mammals in response to high-intensity sound stimuli." [wikipedia:acoustic reflex]
process;thermosensory behavior;"behavior related to environmental temperature." [nbo:gvg]
process;suckling behavior;"specific actions of a newborn or infant mammal that result in the derivation of nourishment from the breast." [goc:dph]
process;jumping behavior;"behavior relate to the usually upward movement off the ground or other surface through sudden muscular effort in the legs." [go:0007630]
process;circadian behavior;"behavior related to any biological process in an organism that recurs with a regularity of approximately 24 hours." [nbo:gvg]
process;hunting behavior;a predator behavior involving actively stalking prey over a distance.
process;cannabis smoking behavior;the inhalation and exhalation of marijuana smoke.
process;thirst motivation behavior;"behavior related to the deprivation of water." [nbo:gvg]
process;snoring;"a sleeping behavior characterised by vibration of respiratory structures and the resulting sound, due to obstructed air movement during breathing while sleeping." [wikipedia:snoring]
process;tongue movement;the act of displacing part or all of the tongue from its current position [nbo:smac]
process;surface breathing;a behavior involving an organism (especially fish or tadpoles) breathing at or near the surface of water where the concentration of dissolved oxygen is highest. [nbo:ejs]
process;cigar smoking behavior;smoking behavior that involves burning a substance such as tobacco wrapped in tobacco leaf and inhaling the smoke.
process;spatial memory;"a type of memory responsible for recording information about one's environment and its spatial orientation." [wikipedia:spatial memory]
process;smoking behavior;consumption behavior that involves inhaling a material (such as finely ground tobacco leaves) through the nose.
process;ankle jerk reflex;"a reflex bending of the foot resulting from contraction of the calf muscles when the achilles tendon is sharply struck." [medical dictionary:http\://medical-dictionary.thefreedictionary.com/achilles+reflex]
process;agonistic alarm;alarm behavior triggered by agonistic actions or postures.
process;beg food;perform behaviors that may induce one or more other animals to share food with the performer.
process;sleeping behavior;"behavior related to the readily reversible state of reduced awareness and metabolic activity that occurs periodically in many animals." [nbo:gvg]
process;stride;"a behavioral pattern characterized by the distance covered by as many steps as there are legs." [nbo:gvg]
process;addiction response;behavior response to an addictive substance resulting from dependence of that addictive substance as well as unctronllable cravings of that substance. [nboc:gvg]
process;protective behavior;"behavior related to the activity seen in animals exposed to potential danger in which they exhibit the tendency to act defensively." [nbo:sd]
process;steering behavior;"behavior related to the mechanical alteration of the locomotor pattern through which the animal adjusts its position." [nbo:gvg]
process;bathing behavior;"behavior related to the washing or cleansing of the body in a fluid, usually water or an aqueous solution." [wikipedia:bathing]
process;locomotor activation behavior;activation of locomotory behavior.
process;nutrient acquisition;behaviors related to acquisition and utilization of external resources.
process;cold sensation behavior;"behavior related to the detection of low environmental temperature." [nbo:gvg]
process;vigilance;surveillance for presence or approach of predators.
process;regulation of mating preference;"a regulation of sexual activity process associated with the preference over a males or females." [nbo:gvg]
process;inspect predator;conspicuous orientation towards and/or approach to detected predator.
process;feign death;become immobile and reduce other evidence of living state.
process;(predator) detection notification;postures or signals that can communicate to predator that it has been detected by performer.
process;barbering behavior;"behavior relating to the plucking of fur/hair or whiskers/vibrissae." [nbo:gvg]
process;behavior stemming from insight;"behavior stemming from understanding of a specific cause and effect in a specific context." [wikipedia:insight]
process;inchworming behavior;behavior related to the movement of an organism from one location to another using an inchworm like motion. this motion consists of extending the front part of the body and pulling the rear along the surface to meet the front.
process;emotional behavior;"behavior related to the complex psychophysiological experience of an individual's state of mind as interacting with biochemical (internal) and environmental (external) influences." [wikipedia:emotions]
process;mating amplexus;spawning in which male and female are clasped or attached to ensure close proximity of released gametes
process;interlimb coordination;"coordination that results in bimanual synchronization and temporal association of the hands." [nbo:gvg]
process;circadian regulation of heart rate;"any process in which an organism modulates its heart rate at different values with a regularity of approximately 24 hours." [goc:rl]
process;limb coordination;"the coordination of limb movement." [nbo:gvg]
process;gender-related aggressive behavior;"gender related exhibition of a domineering, assault posture and/or hostile physical action." [nbo:gvg]
process;memory storage behavior;"behavior related with the ability of an organism's ability to store information and experiences." [nbo:gvg]
process;kill;behavior in which one animal causes the death of another.
process;aggressive behavior towards women;"exhibiting a domineering, assault posture and/or hostile physical action towards women." [nbo:gvg]
process;flee;depart [from] current location of predator.
process;avoidance behavior;"behavior related to the activity seen in animals exposed to adverse stimuli, in which the tendency to act defensively is stronger than the tendency to attack." [web:http\://www.britannica.com/ebchecked/topic/45916/avoidance-behavior]
process;medium term memory;"a type of memory that allows the recall of something from minutes to several hours." [nbo:gvg]
process;sensation behavior;"cognitive perception of a sensation by any of the five senses -- vision, touch, smell, taste, and hearing." [nbo:gvg]
process;short term hunger regulation;"any process which modulates the physical craving for food over short term food deprivation." [nbo:gvg]
process;agoraphobia behavior;"a phobia characterised by fear of open spaces." [nbo:gvg]
process;regulation of sleep;"any process that modulates the frequency, rate or extent of sleep." [goc:jl]
process;mechanical stimulus taxis;"locomotory orientation in response to mechanical stimulus." [nbo:gvg]
process;behavioral control of excretion;"the elimination by an organism of the waste products that arise as a result of metabolic activity. these products include water, carbon dioxide (co2), and nitrogenous compounds." [wikipedia:excretion]
process;regulation of addictive substance consumption preference;"a regulation of consumption of an addictive sustance behavior process associated with the preference over the type of addictive sustance that is consumed. " [nbo:gvg]
process;regulation of withdrawal response;"any process that modulates the frequency, rate or extent of withdrawal response." [nboc:gvg]
process;vocal aggression behavior;"a behavioral interaction between organisms in which one organism exhibits aggression using vocal or verbal means." [nbo:gvg]
process;female sexual activity;"behaviour related to the female activity which primary purpose is the sexual reproduction." [nbo:gvg]
process;regulation of cocaine consumption preference;"a regulation of consumption of an addictive sustance behavior process associated with the preference over cocaine consumption. " [nbo:gvg]
process;behavioral control of urination;"the regulation of body fluids process by which parasympathetic nerves stimulate the bladder wall muscle to contract and expel urine from the body." [wikipedia:urination]
process;behavioral response to radiation;"behavior as a result of an electromagnetic radiation stimulus." [nbo:gvg]
process;semantic priming;"a type of priming where the prime and the target are from the same semantic category and share features." [nbo:gvg]
process;golgi tendon reflex;"a skeletal muscle contraction causes the muscle to simultaneously lengthen and relax." [wikipedia:golgi tendon reflex]
process;reproductive status assessment;assessment of cues and signals from encountered individual to determine reproductive condition.
process;passive avoidance learning behavior;"avoidance learning when no action occurs." [nbo:gvg]
process;associative learning behavior;"learning by associating a stimulus (the cause) with a particular outcome (the effect)." [wikipedia:learning#associative learning]
process;regulation of drinking behavior;"a feeding behavior associated with the intake or the frequency of intake or preference or manner of intake of liquids." [nbo:gvg]
process;altruism behavior;"a helping behavior (without expectation of extrinsic rewards and sometimes involving personal risk or sacrifice) that benefits individuals or society." [nbo:gvg]
process;thigmotaxis;"locomotory orientation in response to touch." [go:0001966]
process;regulation of alcohol consumption;"any process that modulates the frequency, rate or extent of alcohol consumption, the specific actions or reactions of an organism in response to external or internal stimuli." [nboc:gvg]
process;visually guided collision avoidance behavior;a behavior involving avoidance of or escape from approaching visual stimuli, threats, or objects which are on a collision course. [pmid:23364572]
process;misdirect predator;behaviors directed towards presumed predators to redirect their attention away from a location of importance to the performer.
process;learning behavior;"behavior associated with any process in an organism in which a relatively long-lasting adaptive behavioral change occurs as the result of experience." [wikipedia:learning]
process;gross motor coordination;"the coordination of large muscle groups and whole body movement." [nbo:gvg]
process;suitability assessment;sensory assessment of a resource (usually using olfaction or taste), for suitability of subsequent usage.
process;distance perception behavior;"perception of the distance of an object." [nbo:gvg]
process;post-mating behavior;"behavior related to the specific actions or reactions of an organism following mating." [goc:bf]
process;arthrokinetic reflex;"a reflex in which joint movement can reflexively cause muscle activation or inhibition." [wikpedia:arthrokinetic reflex]
process;maternal aggressive behavior;"a domineering, assault posture and/or hostile physical action towards animals exhibited by a mother or attending female." [nbo:gvg]
process;male courtship behavior;"the actions or reactions of a male, for the purpose of attracting a sexual partner." [goc:bf]
process;behavioral response to chemical stimulus;"behavior as a result of a chemical stimulus." [nbo:gvg]
process;pilomotor reflex;"a reflex that elucidates goose bumps (bumps on a person's skin at the base of body hairs) which may involuntarily develop when a person is cold or experiences strong emotions such as fear, awe, admiration or sexual arousal" [wikipedia:goose bumps]
process;biceps reflex;"a deep tendon reflex that elicits involuntary contraction of the biceps brachii muscle." [nbo:gvg]
process;aggressive behavior towards inanimate objects;"exhibiting a domineering, assault posture and/or hostile physical action toward inanimate objects." [nbo:gvg]
process;focused attention behavior;"behavior involving responding discretely to specific visual, auditory or tactile stimuli." [wikipedia:attention]
process;social behavior;"a behavior that occurs predominantly or only, in individuals that are part of a group." [wikipedia:social behavior]
process;hunger motivation behavior;"behavior related to the deprivation of food." [nbo:gvg]
process;coping behavior;"behavioral response to the presidency of the stressor where it becomes necessary to attempt some means of coping with the stress." [nbo:gvg]
process;intralimb coordination;"coordination that results in spatial and temporal planning of reaching and grasping." [nbo:gvg]
process;sexual harassment;any of several behaviors directed towards one animal unwilling to mate by another eager to do so.
process;lower limb coordination;"the coordination of lower limb movement." [nbo:gvg]
process;arboreal locomotion behavior;"behavior related to the locomotion of animals in trees." [wikipedia:arboreal locomotion]
process;regulation of behavior;"any process that modulates the frequency, rate or extent of behavior, the specific actions or reactions of an organism in response to external or internal stimuli." [go:0050795]
process;trapping behavior;a predator behavior involving subduing prey using a structure or modification of the environment created by the predator for that purpose.
process;galant reflex;"it is elicited by holding the newborn in ventral suspension (face down) and stroking along the one side of the spine. a reflex that caused the laterally flex toward the stimulated side when a newborn is held in ventral suspension (face down) and stroking along the one side of the spine." [nbo:galant reflex]
process;anxiety-related behavior;"an emotional behavior related to a feeling of uneasiness or nervousness triggered by an identifiable triggering stimulus." [nbo:gvg]
process;regulation of addiction response;"any process that modulates the frequency, rate or extent of withdrawal response." [nboc:gvg]
process;brachiation;arm over arm swinging movement through arboreal environment [nbo:ac]
process;behavioral response to morphine;"behavior as a result of sensitivity to morphine" [nboc:gvg]
process;communication behavior;"a social behavior related to the activity of conveying information." [wikipedia:communication]
process;autoaggressive behavior;"agressive behavior towards oneself." [nbo:gvg]
process;behavior stemming from intelligence;"behavior related to one or more capacities of the mind." [wikipedia:intelligence]
process;social inhibition;"a social behavior characterised by conscious or unconscious constraint of a behavior that might be considered objectionable in a social setting." [wikipedia:social inhibition]
process;sexual inhibition;"a social behavior characterised by conscious or unconscious constraint or curtailment of behavior relating to specific sexual matters or practices." [wikipedia:sexual inhibition]
process;paternal aggressive behavior;"a domineering, assault posture and/or hostile physical action towards animals exhibited by a father or attending male." [nbo:gvg]
process;crying behavior;"the behavior in which an organism sheds tears, often accompanied by non-verbal vocalizations and in response to external or internal stimuli." [nbo:gvg]
process;brooding behavior;behavior that serves to regulate the temperature around offspring.[nbo:ac]
process;positive gravitactic behavior;"locomotory orientation towards the source of gravity." [go:0048061]
process;territorial aggressive behavior;"aggressive behavior related to the defence of a fixed area against intruders, typically conspecifics." [goc:hjd]
process;group behavior;behaviors that are described for or done by groups of animals, not individual animals [nbo:smac]
process;reduce activity;halting or diminution of activity to minimize detection by predator.
process;maternal nurturing behavior;"maternal behavior related to the brining up her offspring." [nbo:gvg]
process;grazing behaviour;a feeding behavior during which an animal ingests biomass produced by a plant or other primary producer
process;auditory behavior;"behavior related to the actions or reactions of an organism in response to a sound." [go:0031223]
process;sustained attention behavior;"behavior involving maintaining a consistent behavioral response during continuous and repetitive activity." [wikipedia:attention]
process;aggregation behavior;a behavior associated with the gathering of organisms together in some locality. [wikipedia:aggregation (ethology)]
process;regulation of water consumption;"any process that modulates the frequency, rate or extent of water consumption, the specific actions or reactions of an organism in response to external or internal stimuli." [nboc:gvg]
process;colour constancy behavior;"the perception of a color as constant under changing conditions of illumination." [wikipedia:color constancy]
process;paternal behavior;"behavior of a father towards his offspring." [nbo:gvg]
process;gamete release function;facilitating release or transfer of gametes.
process;auditory hallucination;"a form of hallucination that involves perceiving sounds without auditory stimulus." [wikipedia:auditory hallucination]
process;scavenge;behavior associated with locating and acquiring food that has been killed or procured by another animal.
process;flight behavior;"behavior related to the self-propelled movement of an organism from one location to another through the air, usually by means of active wing movement." [nbo:gvg]
process;posture;"intentionally or habitually assumed arrangement of the body and its limbs." [nbo:gvg]
process;olfactory hallucination;"a form of hallucination that involves perceiving odors without odor stimulus." [nbo:gvg]
process;regulation of consumption behavior;"any process that modulates the frequency, rate or extent of consumption behavior, the specific actions or reactions of an organism in response to external or internal stimuli." [nboc:gvg]
process;linear vestibuloocular reflex;a vestibular reflex by which a response to a linear acceleration stimulus begins with an afferent nerve impulse from a receptor in the otolith and ends with the compensatory action of eye muscles. [goc:dph]
process;snuffing behavior;consumption behavior that involves inhaling a material (such as finely ground tobacco leaves) through the nose.
process;behavioral response to anesthetic;"behavior as a result of sensitivity to an anasthetic intake." [nboc:gvg]
process;physical aggression behavior;"an aggressive behavior that aims to inflicting damage on another entity using physical means." [nbo:gvg]
process;primitive reflex;"reflex actions originating in the central nervous system that are exhibited by normal infants in response to particular stimuli." [wikipedia:primitive reflexes]
process;brachioradialis reflex;"a deep tendon reflex elicited by striking the lateral surface of the forearm proximal to the distal head of the radius, characterized by normal slight elbow flexion and forearm supination." [medical disctionary:http\://medical-dictionary.thefreedictionary.com/brachioradialis+reflex]
process;cannabis oil consumption;the consuming of cannabis through eating or applying the oil sublingually.
process;tobacco vaping behavior;the inhalation and exhalation of tobacco aerosol, referred to as vapor, which is produced by an e-cigarette or other device.
process;insemination;insertion of sperm not in a spermatophore into female body.
process;behavior stemming from emotional intelligence;"behavior stemming from the ability to identify, assess, and control the emotions of oneself, of others, and of groups." [wikipedia:emotional intelligence]
process;play fight;"play behavior associated to fighting simulation, although fighting is much slower and gentler with no intention of actual hurt." [web:http\://www.bio.davidson.edu/people/vecase/behavior/spring2009/sacco/pages/play%20fighting.html]
process;sensitization;"an increase in behavioral responses following repeated applications of a particular stimulus." [wikipedia:sensitization]
process;visceromotor reflex;"an increase in tonus (normal tension) of the tissues of the abdominal muscles resulting from painful stimuli originating in a viscus." [:http\://www.wordinfo.info/words/index/inf]
process;plantar reflex;"a reflex elicited when the sole of the foot is stimulated with a blunt instrument." [wikipedia:plantar reflex]
process;aggressive behavior towards children;"exhibiting a domineering, assault posture and/or hostile physical action towards children." [nbo:gvg]
process;facilitating oviposition;deposition of eggs either into the medium, or onto a substrate.
process;visual hallucination;"a form of hallucination that involves perceiving images without visual stimulus." [nbo:gvg]
process;liking;"wanting to be with another person." [nbo:gvg]
process;tonic neck reflex;"a reflex that elucidates an automatic positioning of the limbs in response to a movement of the head on trunk (neck)." [web:http\://www.dizziness-and-balance.com/anatomy/vspine.htm]
process;regulation of behavioral response to addictive substance;"any process that modulates the frequency, rate or extent of behavioral response to chemical stimulus." [nboc:gvg]
process;vestibulospinal reflex;"a reflex that originates with vestibular stimulation and control body posture." [nbo:gvg]
process;behavioral control of external secretion;behavior associated with and resulting in the production and subsequent release of any substance or product elaborated, and released by a cell or gland [nbo:smac]
process;mate rejection;behavior associated with refusing courtship or solicitation behaviors by avoidance, retreat, or other active repulsion of suitor.
process;eye contact;"a nonverbal communication behavior that is characterised by the meeting the eyes between two individuals." [wikipedia:eye contact]
process;fear behavior towards living things;"an emotional behavior related to a feeling of uneasiness or nervousness in respect to a living thing." [nbo:gvg]
process;withdrawal response;behavior response to addictive substance resulting from the discontinuation of an addictive substance. [nboc:gvg]
process;locomotor inactivation behavior;deactiviation of locomotory behavior.
process;escape behavior;a behavior in which action is rapidly taken by an organism in response to possible predation, examples of which include camouflage, freezing behavior, and fleeing. [wikipedia:escape response]
process;reciprocal altruism;"reciprocal altruism is the idea that the incentive for an individual to help in the present is based on the expectation of the potential receipt in the future." [wikipedia:helping behavior]
process;long-lasting memory;"a memory that last for months to lifetime." [nbo:gvg]
process;liquid consumption;"a behavior associated with the intake of liquid." [nbo:gvg]
process;snout reflex;"a pouting or pursing of the lips that is elicited by light tapping of the closed lips near the midline." [wikipedia:snout reflex]
process;protection of offspring behavior;"behavior related the protection of offspring." [nbo:sd]
process;cranial nerve related reflex;"a reflex that involves cranial nerves." [wikipedia:reflex]
process;aggressive behavior towards pups;"exhibiting a domineering, assault posture and/or hostile physical action towards pups." [nbo:gvg]
process;sensory memory;"report great detail about a complex stimulus immediately following its presentation. this ability forms within a few tens of milliseconds and decays again rapidly within a few hundred milliseconds." [nbo:gvg]
process;size constancy behavior;"the perception of familiar objects as approximately the same size regardless of their distance from the observer." [jrank:http\://science.jrank.org/pages/5094/perception.html]
process;symmetrical tonic neck reflex;"a reflex that causes the eyes to alternately fixate at far and near, expanding vision development from arms length to far away." [mbp:gvg]
process;upper limb coordination;"the coordination of upper limb movement." [nbo:gvg]
process;memory behavior;"behavior related with the ability of an organism's ability to store, retain, and recall information and experiences." [nbo:gvg]
process;age specific discriminatory behavior;"a discriminatory behavior that is related to age." [nbo:gvg]
process;reflexive behavior;"behavior related to involuntary movement in response to a stimulus." [nbo:gvg]
process;taxis;"locomotory orientation in a specific spatial relationship to a stimulus." [nbo:gvg]
process;long-term spatial memory;"a type of memory that allows one to store and manage information about one's environment and its spatial orientation lasting hours to months." [nbo:gvg]
process;frustration behavior;"an emotional behavior that arises from the perceived resistance to the fulfillment of individual will." [wikipedia:frustration]
process;vibrissae reflex;"change position in response to stimulation of the whiskers." [jax:<new dbxref>]
process;behavioral response to cocaine;"behavior as a result of sensitivity to cocaine intake." [nboc:gvg]
process;alternating attention behavior;"behavior involving mental flexibility that allows individuals to shift their focus of attention and move between tasks having different cognitive requirements." [wikipedia:attention]
process;regulation of feeding behavior;"any process that modulates the frequency, rate or extent of consumption of food or liquid" [nboc:gvg]
process;sexual cannibalism;consumption of one member of a mating pair, usually the male, usually after the mating.
process;running behavior;the act of locomoting on limbs with body off the ground such that periodically none of the limbs are touching the ground [nbo:smac]
process;autobiographical memory;"a type of memory for particular events within one's own life." [nbo:gvg]
process;abdominal reflex;"a reflex that results in the contraction of the muscles of the abdominal wall in response to stimulation of the overlying skin." [web:http\://www.merriam-webster.com/medical/abdominal%20reflex]
process;regulation of morphine consumption;"any process that modulates the frequency, rate or extent of morphine consumption, the specific actions or reactions of an organism in response to external or internal stimuli." [nboc:gvg]
process;pair affirmation;displays or other behaviors performed by pairs in longer term pair bonds to advertise relationship to each other and to other animals nearby.
process;tonic labyrinthine reflex;"a reflex that arises when tilting the head back while lying on the back causes the back to stiffen and even arch backwards, the legs to straighten, stiffen, and push together, the toes to point, the arms to bend at the elbows and wrists, and the hands to become fisted or the fingers to curl." [wikipedia:tonic labyrinthine reflex]
process;associative priming;"a type of priming where the target is a word that has a high probability of appearing with the prime, and is \"associated\" with it but not necessarily related in semantic features." [nbo:gvg]
process;cocaine consumption;"behavior related to the intake of cocaine." [nboc:gvg]
process;escalation;increasing intensity of directed agonistic behavior.
process;depression behavior;"emotional behavior related to a state of low mood and aversion to activity." [wikipedia:depression]
process;asymmetrical tonic neck reflex;"a reflex that assists in the birthing process and helps to develop muscle tone, kicking and stimulates vestibular function in utero." [wikipedia:asymmetrical tonic neck reflex]
process;spawning;release of gametes one or both sexes into the ambient medium.
process;grooming behavior;the act of using body parts to pick at, rub and or remove material from exterior covering, e.g., fur, scales, feathers, skin [nbo:smac]
process;reproductive behavior;behavior directly related to the production of offspring [nbo:ac]
process;insert genital plug;behavior associated with deposition of material by male following ejaculation to block access to female's reproductive tract during her future matings.
process;chemosensory behavior;"behavior as a result of the sensation of chemicals." [nbo:gvg]
process;leaping behavior;"behavior related to the upward thrust produced by the rapid, simultaneous extension of the hind legs with the intend to cross wide gaps in the locomotor surface." [mbp:gvg]
process;agonistic chase;chasing of one animal by another during an agonistic conflict.
process;triceps reflex;"a deep tendon reflex that elicits involuntary contraction of the triceps brachii muscle." [wikipedia:triceps reflex]
process;involuntary movement behavior;"behavior related to movements that occur independent of planning." [nbo:gvg]
process;prosocial behavior;"prosocial behavior is caring about the welfare and rights of others, feeling concern and empathy for them, and acting in ways that benefit others." [wikipedia:prosocial behavior]
process;trail following to resource;locomotion to a resource guided by visual or olfactory cues created by a prior finder and/or user of that resource.
process;learning and/or memory behavior;"behavior related to the acquisition and processing of information and/or the storage and retrieval of this information over time." [go:jic]
process;cremasteric reflex;"a reflex is elicited by lightly stroking the superior and medial (inner) part of the thigh resulting in a contraction of the cremaster muscle that pulls up the scrotum and testis on the side stroked." [wikipedia:cremasteric reflex]
process;righting reflex;"a reflex process in which an animal immediately tries to turn over after being placed in a supine position." [nbo:gvg]
process;climbing behavior;"behavior related to the ascending a steep object." [nbo:gvg]
process;hot sensation behavior;"behavior related to the detection of high environmental temperature." [nbo:gvg]
process;habituation;"gradual decrease in behavioral responses with repeated encounters of a particular stimulus, which proves of no consequence." [wikipedia:habituation]
process;long term thirst regulation;"any process which modulates the physical craving for water over long term water deprivation." [nbo:gvg]
process;stretch reflex;"a muscle contraction in response to stretching within the muscle." [wikipedia:stretch reflex]
process;nonverbal communication behavior;"communication behavior related to the process of conveying meaning in the form of non-word messages through for example gesture, body language or posture. facial expression and eye contact etc." [wikipedia:.wikipedia.org/wiki/nonverbal communication]
process;exclusion;behavior that serves to exlude an animal from a group.
process;form perception behavior;"perception related to the identification of objects and their distinction from each other." [:http\://science.jrank.org/pages/5094/perception.html]
process;extensor digitorum reflex;"a reflex that elicits involuntary contraction of the extensor digitorum muscle." [nbo:gvg]
process;antipredation behavior;"behavior related to defence against predation or predators." [nbo:gvg]
process;upper body coordination;"the coordination of the lower body movement." [nbo:gvg]
process;female aggressive behavior;"a domineering, assault posture and/or hostile physical action towards animals exhibited by female animals." [nbo:gvg]
process;locomotor play;undirected behavior involving exercise and coordination, and often associated with repetition and 'practice' of adult behavior patterns in a non-functional context [nbo:ac]
process;female courtship behavior;"the actions or reactions of a female, for the purpose of attracting a sexual partner." [goc:bf]
process;psychomotor agitation behavior;"agitation characterised by a series of unintentional and purposeless motions that stem from mental tension and anxiety of an individual." [wikipedia:psychomotor agitation]
process;regulation of sexual activity;"any process that modulates the frequency, rate or extent of sexual activity, the specific actions or reactions of an organism in response to external or internal stimuli." [nboc:gvg]
process;copulation;male's insertion of sperm-transfer organ into the body of the female [nbo:smac]
process;caching behavior;the act of putting a food resource in a location in which it can be stored or protected until a future time.
process;terrestrial locomotory behavior;"behavior associated with surface locomotion." [nbo:gvg]
process;mating solicitation;performance of a behavior that indicates the performer's willingness to mate or bond
process;babkin reflex;"a reflex elicited by the application of pressure to both palms resulting varying responses such as head flexion, head rotation or opening of the mouth, or a combination of these responses." [wikipedia:primitive reflexes]
process;regulation of nicotine consumption;"any process that modulates the frequency, rate or extent of nicotine consumption, the specific actions or reactions of an organism in response to external or internal stimuli." [nboc:gvg]
process;submissive behavior towards males;"a behavior associated with the tendency of an organism towards being passive and willing to yield to male animals." [nbo:gvg]
process;directional control of locomotion;"behavior related to the control of the direction of locomotion." [nbo:gvg]
process;food storage;caching or hoarding of food for later use and for protection from competitors, or use of specific substrates for cultivation.
process;parental behavior;behavior associated with protection, or assisting growth and development of young. [nbo:ac]
process;food exposure;behaviors that reveal a hidden food resource, such as digging, cracking, or breaking.
process;food extraction;removal of food items from location by use of appendage or tool.
process;social play;"play behavior that is associated with the socialization of an individual into the group." [web:http\://www.bio.davidson.edu/people/vecase/behavior/spring2009/sacco/pages/play%20fighting.html]
process;fear behavior towards situation/environment;"an emotional behavior related to a feeling of uneasiness or nervousness in respect to a particular situation or environment." [nbo:gvg]
process;warn other prey;postures or signals that alert other animals to presence or approach of a predator.
process;rooting reflex;"a reflex that causes a newborn infant to turn his head toward anything that strokes his cheek or mouth, searching for the object by moving his head in steadily decreasing arcs until the object is found." [wikipedia:primitive reflexes]
process;helping behavior;"helping behavior refers to voluntary actions intended to help the others, with reward regarded or disregarded." [wikipedia:helping behavior]
process;cannabis vaping behavior;the inhalation and exhalation of cannabis aerosol, referred to as vapor, which is produced by an e-cigarette or other device.
process;tobacco smoking behavior;the inhalation and exhalation of tobacco smoke.
process;aiding digestion;consumption of specific compounds that facilitate processing of food items.
process;patellar reflex;"a deep tendon reflex that elicits extension of the leg resulting from a sharp tap on the patellar tendon." [nbo:gvg]
process;aggressive behavior towards animate objects;"exhibiting a domineering, assault posture and/or hostile physical action toward inanimate objects." [nbo:gvg]
process;bluff;threat that will not be acted upon.
process;aggressive behavior towards female mice;"exhibiting a domineering, assault posture and/or hostile physical action towards female mice." [nbo:gvg]
process;body posture;"intentionally or habitually assumed arrangement of the body." [nbo:gvg]
process;gait;"the pattern of movement of the limbs of animals, characterized by elements of progression, stability, speed and length over the ground." [mp:0001406]
process;long-term memory;"this type of memory, lasting hours to months, critically depends on a transfer of the information from short term memory using repeated rehearsal." [nbo:gvg]
process;prospective memory;"remembering to perform an intended action." [nbo:gvg]
process;display condition (to predator);performance of behaviors that demonstrate physical condition of performer to a detected predator.
process;regulation of eating preference behavior;"a regulation of drinking behavior process associated with the preference over the type of food that is consumed. " [nbo:gvg]
process;behavioral response to nicotine;"behavior as a result of sensitivity to nicotine intake." [nboc:gvg]
process;non-rapid eye movement sleep behavior;"behavior related to all sleep stages in the circadian sleep/wake cycle other than rem sleep." [nbo:gvg]
process;aggressive behavior towards males;"exhibiting a domineering, assault posture and/or hostile physical action towards male animals." [nbo:gvg]
process;aggressive behavior towards male mice;"exhibiting a domineering, assault posture and/or hostile physical action towards male mice." [nbo:gvg]
process;regulation of eating behavior;"a feeding behavior associated with the intake or the frequency of intake or preference or manner of intake of food." [nbo:gvg]
process;emotional memory;"a type of memory associated with emotional experiences." [wikipedia:http\://www.scholarpedia.org/article/emotional memory]
process;paternal nurturing behavior;"paternal behavior related to the brining up his offspring." [nbo:gvg]
process;maternal grooming;"behavior related to the activity in which a mother cleans or maintains the body or the appearance of her offsprings." [nbo:gvg]
process;aggressive behavior towards objects;"exhibiting a domineering, assault posture and/or hostile physical action toward any type of object." [nbo:gvg]
process;active avoidance learning behavior;"avoidance learning when the action occurs." [nbo:gvg]
process;topographic memory;"ability to orient oneself in space, to recognize and follow an itinerary, or to recognize familiar places." [nbo:gvg]
process;object play;"play behavior associated with the manipulation of objects." [nbo:gvg]
process;scratch reflex;"a response to activation of sensory neurons whose peripheral terminals are located on the surface of the body." [wikipedia:scratch reflex]
process;behavioral response to alcohol;"behavior as a result of sensitivity to cocaine alcohol." [nboc:gvg]
process;hunger regulation;"any process which modulates the physical craving for food." [nbo:gvg]
process;submissive behavior towards male mice;"a behavior associated with the tendency of an organism towards being passive and willing to yield towards male mice." [nbo:gvg]
process;active foraging behavior;feeding behavior during which a living entity acquires food and energy by actively searching for food resources.
process;courtship feeding;provision of food to a potential mate
process;hunt for mate;active searching of potential mate
process;aggressive behavior towards animals;"exhibiting a domineering, assault posture and/or hostile physical action towards animals." [nbo:gvg]
process;kinesthetic behavior;"movement behavior of the body or its parts."
process;eye-hand coordination;"the coordinated control of eye movement with hand movement, and the processing of visual input to guide reaching and grasping along with the use of proprioception of the hands to guide the eyes." [wikipedia:eye%e2%80%93hand coordination]
process;play chasing;"play behavior that is associated with the pursuit of an individual." [nbo:gvg]
process;locomotory orientation behavior;"behavior related to the ability of an animal to determine and to alter its position in the environment." [nbo:gvg]
process;male aggressive behavior;"a domineering, assault posture and/or hostile physical action towards animals exhibited by male animals." [nbo:gvg]
process;nutrient preparation;behavior that precedes and facilitates attaining food.
process;saccharin consumption;"a feeding behavior associated with the intake of saccharin." [nbo:gvg]
process;nursing behavior;"maternal behavior related to the nursing offspring." [nboc:gvg]
process;predator avoidance behavior;an avoidance behavior engaged in by prey that reduces the success of a predator without the prey actually attacking the predator.
process;jamming;emission of signals in such a way as to prevent effective use of signals emitted by other parties.
process;coercion;forcible alteration of behavior of one animal by another.
process;cognitive behavior;"behaviour related to cognitive processes." [nbo:jh]
process;huddling behavior;behavior associated with two or more individuals' achieving or maintaining close and extensive bodily contact. to nestle closely with another [nbo:ac]
process;shoaling behavior;a type of aggregation behavior in which organisms (especially fish or tadpoles) come together in an interactive way, aware of the other members of the group as shown by the way they adjust their behavior. [wikipedia:shoaling and schooling]
process;memory retrieval behavior;"behavior related with the ability of an organism's ability to recall information and experiences." [nbo:gvg]
process;behavioral control of lacrimation;"the regulated release of the aqueous layer of the tear film from the lacrimal glands." [wikipedia:lacrimation]
process;mammalian diving reflex;"a reflex in mammals which optimises respiration to allow staying underwater for extended periods of time." [wikipedia:mammalian diving reflex]
process;glabellar reflex;"a reflex elicited by repetitive tapping on the forehead which result in blinking to the first several taps." [wikipedia:glabellar reflex]
process;depth perception behavior;"behavior involving an active reception and coordination of information relating to depth received through the sensory systems in order to perceive the three-dimensionality of the world and objects within it." [:erceiving the three-dimensionality of the world and objects read more\: perception - perceptual systems\, historical background\, innate and learned - classical perceptual phenomena\, broad theoretical approaches\, current research/future developments http\://science.jrank.org/pages/5094/perception.html#ixzz1it3ooobp]
process;dealing with toxins;the identification, avoidance, or neutralization of toxic substances in food.
process;active foraging behavior;feeding behavior during which a living entity acquires food and energy by actively searching for food resources.
process;chewing;the act of repeated grinding, tearing, and or crushing with teeth or jaws [nbo:smac]
process;sitting down;the act of moving the body core lower, closer to the ground [nob:smac]
process;vocalization behavior;"a behavior in which an organism produces sounds by a mechanism involving its respiratory system." [nbo:gvg]
process;build display structure;creation of or modification of a structure or area that is used in attraction of mates.
process;aposematism;conspicuous postures or signals (often coloration) that potential predators learn to associate with strong defense mechanisms of performer
process;imitative play;"play behavior related to the copying the actions of another." [web:http\://www.bio.davidson.edu/people/vecase/behavior/spring2009/sacco/pages/imitative%20play.html]
process;language communication behavior;"a social behavior related to the activity of conveying information by means of a system of arbitrary signals, such as voice sounds, gestures, or written symbols." [nbo:gvg]
process;physiologic nystagmus;"a form of involuntary eye movement that is part of the vestibulo-ocular reflex (vor). it is characterized by alternating smooth pursuit in one direction and saccadic movement in the other direction." [wikipedia:physiologic nystagmus]
process;mimicry enhancement;behaviors, anatomical structures, or signals that imitate aposematic animals, plants, or inanimate objects that are undesirable to predators of performer.
process;motor coordination;"the coordination of combinations of body movements created with the kinematic (such as spatial direction) and kinetic (force) parameters that result in intended actions." [wikipedia:motor coordination]
process;selective attention behavior;"behavior involving maintaining a behavioral or cognitive set in the face of distracting or competing stimuli." [wikipedia:attention]
process;pipe smoking behavior;smoking behavior that involves burning a substance such as tobacco and tasting or inhaling the smoke through a pipe.
process;barotaxis;"locomotory orientation in response to pressure." [nbo:gvg]
process;vocal learning;"a behavioral process whose outcome is a relatively long-lasting adaptive behavioral change whereby an organism modifies innate vocalizations to imitate or create new sounds." [go:0042297]
process;swallowing;the act of moving food from the mouth cavity to the esophagus through coordinated muscular movements [nbo:ac]
process;vestibulo-ocular reflex;"a reflex eye movement that stabilizes images on the retina during head movement by producing an eye movement in the direction opposite to head movement, thus preserving the image on the center of the visual field." [wikipedia:vestibulo-ocular reflex]
process;short term thirst regulation;"any process which modulates the physical craving for water over short term water deprivation." [nbo:gvg]
process;body coordination;"the coordination of the whole body movement." [nbo:gvg]
process;shaking;"repetitive movement of a body part." [nbo:gvg]
process;water consumption;"a drinking behavior associated with the intake of water." [nbo:gvg]
process;swimming reflex;"a reflex that causes the infant to begin to paddle and kick in a swimming motion upon its placement face down in a pool of water." [nbo:primitive reflexes]
process;threat;behavior that signifies hostility and predicts an increased probability of attack.
process;behavioral alarm;"behavior related to the identification or realization of a threat or a stressor." [wikipedia:stress (biological)]
process;tobacco consumption;any habitual use of the tobacco plant leaf and its products.
process;ambush behavior;a predator behavior involving a surprise attack on unsuspecting prey. the predator remains in one place and waits for prey to come near. the predator conceals itself and then subdues its prey with its own body or body parts.
process;spontaneous movement behavior;kinesthetic behavior initiated in the absence of specific sensory input.
process;startle reflex;"an action or movement due to the application of a sudden unexpected stimulus." [wikipedia:startle reflex]
process;personal grooming;"behavior related to the promotion of personal hygiene." [wikipedia:social grooming]
process;standing up;the act of moving the body core higher, away from the ground [nbo:smac]
process;share food;behaviors in which animals solicit or allow other animals to utilize a resource they currently control.
process;aquatic locomotion;"behavior related to the movement of an organism from one location to another through a liquid medium." [nbo:gvg]
process;aerial locomotion behavior;"behavior related to the movement of an organism from one location to another through the air." [nbo:gvg]
process;vagovagal reflex;"a contraction of muscles in the gastrointestinal tract in response to distension of the tract following consumption of food and drink." [wikipedia:vagus reflex]
process;create refuge;construction of a structure in which builder can benefit from reduced predation risk and/or environmental stress.
process;fear conditioning;"a type of associative learning that allows organisms to acquire affective responses, such as fear, in situations where a particular context or stimulus is predictably elicits fear via an aversive context." [nbo:gvg]
process;head movement;a change in place or position of the portion of the organism containing the brain, mouth and main sense organs [nbo:smac]
process;conciliation behavior;behavior that facilitates the restoration of normal interactions between parties that recently engaged in a conflict.[nbo:ac]
process;sucking reflex;"a reflex that causes the infant to instinctively suck at anything that touches the roof of their mouth and suddenly starts to suck simulating the way they naturally eat." [wikipedia:primitive reflexes]
process;behavior process;"the action, reaction, or performance of an organism in response to external or internal stimuli." [go:go\:0007610]
process;behavior stemming from problem solving;"behavior associated with problem finding and problem shaping." [wikipedia:problem solving]
process;head bobbing;movement of the head in the vertical plane. [nbo:gvg]
process;circadian regulation of systemic arterial blood pressure;"any process in which an organism modulates its blood pressure at different values with a regularity of approximately 24 hours." [go:go\:0003052]
process;regulation of behavioral response to chemical stimulus;"any process that modulates the frequency, rate or extent of behavioral response to chemical stimulus." [nboc:gvg]
process;mate finding behavior;active search for possible mates.
process;cough reflex;"a reflex by which the body rids the lower respiratory tract of any irritant that enters through the air and less frequently any fluids (drinks) and solids (food) that may spill into the respiratory tract." [xx:http\://www.healthhype.com/cough-reflex-physiology-process-ear-cough-reflexes.html]
process;aggressive behavior towards mice;"exhibiting a domineering, assault posture and/or hostile physical action towards mice." [nbo:gvg]
process;perceptual priming;"a type priming based on the form of the stimulus and is enhanced by the match between the early and later stimuli." [nbo:gvg]
process;stress related behavior;"behavior related to how the body reacts to a stressor ( a stimulus that causes stress), real or imagined." [wikipedia:stress (biological)]
process;impulsive behavior;"a behavior that occur quickly without control, planning, or consideration of the consequences of that behavior." [nbo:gvg]
process;non-declarative memory;"non-declarative memory type of memory, which does not need to involve conscious awareness in the act of recollection." [nbo:gvg]
process;feeding behavior;the act of bringing an object or substance into the body by swallowing, surrounding or absorbing it [nbo:smac]
process;occupy refuge;currently reside in constructed or existing structure that provides reduced predator and/or environmental risk.
process;regulation of consumption of an addictive substance;"any process that modulates the frequency, rate or extent of consumption of an addictive substance, the specific actions or reactions of an organism in response to external or internal stimuli." [nboc:gvg]
process;sternutation;"a reflex in which mucus containing foreign particles or irritants is expelled and the nasal cavity is cleanses." [wikipedia:sneeze]
process;gliding behavior;"behavior related to the expansion lateral surface of the body with the intention of increasing the wind resistance against the body and hence reducing the speed of falling." [nbo:gvg]
process;semantic memory;"ability to consciously recall knowledge of facts that are independent of a specific time and place." [nbo:gvg]
process;circling behavior;behavior related to the repeating or looping movement of the whole organism along a circular or round path.
process;courtship behavior;"the behavioral interactions between organisms for the purpose of attracting sexual partners." [goc:dph]
process;accommodation reflex;"a reflex action of the eye, in response to focusing on a near object, then looking at distant object (and vice versa), comprising coordinated changes in vergence, lens shape and pupil size." [wikipedia:accommodation reflex]
process;classical conditioning;"a form of associative learning that requires an unconditional reflex, where an unconditional stimulus (us)brings about an automatic, unlearned (unconditional) response (ur). if a neutral stimulus (ns) tends to precede it, an association is made and the conditional response (cr) becomes transferred onto the (previously neutral) conditional strimulus (cs). a conditional reflex has been learned." [nbo:gvg]
process;regulation of alcohol preference behavior;"a regulation of drinking behavior process associated with the preference over alchohol consumption. " [nbo:gvg]
process;response to novel odor;"behavior related to the exploration/investigation of a novel odor." [nbo:gvg]
process;broadcast advertisement;signal or behavior that reveals presence of the signaller directed to multiple receivers and not limited to particular receivers.
process;mating appeasement;behavior that serves to demonstrate non-aggressive intent by one member of a courting or potentially mating pair to the other.
process;circadian rhythm;"endogenously driven roughly 24-hour cycle in biochemical, physiological, or behavioral processes." [goc:bf]
process;non-associative learning;"a decrease in a behavioral response to a repeated stimulus." [nbo:gvg]
process;resource advertisement;postures or signals performed to other animals to indicate the presence, and in some cases, the location, quantity, and quality, of a resource.
process;contact aggression;agonistic behavior involving direct physical contact including (but not limited to) biting, kicking, grabbing.
process;bonding behavior;a behavior that occurs between two individuals, such as parent and child, and involves an emotional attachment that implies a special and focused relationship.
process;breeding site selection;actions resulting in establishment or use of one locale for reproductive activity.
process;angular vestibuloocular reflex;a vestibular reflex by which a response to an angular acceleration stimulus begins with an afferent nerve impulse from a receptor in the semi-circular canal and ends with the compensatory action of eye muscles. signaling never reaches a level of consciousness. [goc:dph]
process;behavioral exhaustion;"behavior related to the depletion of the body resources for coping to stress." [nbo:gvg]
process;behavioral response to xenobiotics;"behavior as a result of a xenobiotic compound (compound foreign to living organisms) stimulus." [nboc:gvg]
process;consumption behavior;"behavior related to the intake of substances." [nboc:gvg]
process;regulation of drinking preference behavior;"a regulation of drinking behavior process associated with the preference over the type of liquids that are consumed. " [nbo:gvg]
process;threatening predator behavior;behavior directed at a predator that signifies hostility and predicts an increased probability of attack [nbo:smac]
process;sexual motivation behavior;"behavior related to the drive of an organism to engage in sexual activity." [nbo:gvg]
process;self-barbering;"behavior related to the barbering of oneself." [nbo:gvg]
process;perceptual constancy behavior;"perception of objects remains the same despite changes in their image on the retina." [:http\://science.jrank.org/pages/5094/perception.html]
process;fear/anxiety related behavior;"emotional behavior related to fear or anxiety." [nbo:gvg]
process;chemotactic behavior;"locomotory orientation in response to specific chemical concentration gradient." [go:0006935]
process;pinna reflex;"a reflex that elucidates a characteristic ear twitch in response to an auditory stimulus." [nbo:gvg]
process;mobbing behavior;harassment of and-or attack of a presumed predator or intruder by multiple individuals at once [nbo:smac]
process;mobbing calling;"behavior associated with signals made by the mobbing species while harassing a predator." [wikipedia:mobbing (animal behavior)]
process;motivation behavior;"behavior related to the tendency of an organism to maintain internal equilibrium." [nbo:gvg]
process;basking behavior;exposure of body to sunlight, either by modification of body posture, by movement to specific areas or both [nbo:smac]
process;wakefulness;"behavior related to the state of being conscious and engages in a coherent cognitive and behavior responses to the external world." [nbo:sd, wikipedia:wakefulness]
process;palmar grasp reflex;"a reflex elicited by the placement of an object in the infant's hand and strokes their palm, causing its fingers to close and grasp it." [wikipedia:primitive reflexes]
process;predator behavior;"a physical aggression behavior involving attack on prey by a predator." [nbo:gvg]
process;aggressive behavior towards men;"exhibiting a domineering, assault posture and/or hostile physical action towards men." [nbo:gvg]
process;hallucination;"perception in the absence of a stimulus." [wikipedia:hallucination]
process;behavioral response to addictive substance;"behavior as a result of sensitivity to an addictive substance intake." [nboc:gvg]
process;social aggression behavior;"an aggressive behavior towards other members of the society." [nbo:rh]
process;limb posture;"intentionally or habitually assumed arrangement of the limbs." [nbo:gvg]
process;divided attention behavior;"behavior involving responding simultaneously to multiple tasks or multiple task demands." [wikipedia:attention]
process;food consumption;"a feeding behavior associated with the intake of food." [nbo:gvg]
process;behavioral response to light;"behavior as a result of a light stimulus, electromagnetic radiation of wavelengths classified as infrared, visible or ultraviolet light." [nbo:gvg]
process;sexual play;"behavior associated with interactions which resemble sexual behavior but do not lead to copulation." [web:http\://www.bio.davidson.edu/people/vecase/behavior/spring2009/sacco/pages/sex%20play.html]
process;injure;behavior in which one animal causes bodily damage to another.
process;visual pursuit;"selectively track a moving object." [nbo:gvg]
process;negative gravitactic behavior;"locomotory orientation away from the source of gravity." [go:0048060]
process;appeasement;behaviors that appear to signifiy lack of hostility and to reduce chances of attack.
process;lower body coordination;"the coordination of the upper body movement." [nbo:gvg]
process;offspring retrieval;"behavior related to the parent's tendency to collect stray offspring and return them to a defined location." [nbo:gvg]
process;licking;the act of stroking or touching with the tongue [nbo:ac]
process;fine motor coordination;"coordination of small muscle movements which occur usually in coordination with the eye." [nbo:gvg]
process;affiliation;"behavior related to having a generally positive attitude toward another person." [mbp:gvg]
process;sleep motivation behavior;"behavior related to the actions of an organism in relation to sleep." [nbo:gvg]
process;fear-related retropulsion;"moving backwards in response to a fear stimulus." [nbo:gvg]
process;circadian temperature homeostasis;"any homeostatic process in which an organism modulates its internal body temperature at different values with a regularity of approximately 24 hours." [goc:dbh]
process;behavioral control of defecation;the behavioral control of defecation. [wikipedia:defecation]
process;triumph;display behavior by the winner of a prior agonistic contest.
process;recognition memory;"ability to correctly remember something that has been encountered before." [wikipedia:recognition memory]
process;regulation of cocaine consumption;"any process that modulates the frequency, rate or extent of cocaine consumption, the specific actions or reactions of an organism in response to external or internal stimuli." [nboc:gvg]
process;agonistic alarm;alarm behavior triggered by agonistic actions or postures
process;promote confusion;erratic movements or similar behaviors that would confuse a predator.
process;regulation of saccharin preference behavior;"a regulation of drinking behavior process associated with the preference over saccharing consumption. " [nbo:gvg]
process;attack predator;perform physically violent acts on a presumed predator.
process;scrounge;uninvited taking of food from another animal.
process;time-based prospective memory;"remembering to perform an intended action in respect to a particular time reference." [nbo:gvg]
process;operant conditioning behavior;"operant conditioning is the use of a behavior's antecedent and/or its consequence to influence the occurrence and form of behavior." [wikipedia:operant conditioning]
process;schooling behavior;a type of shoaling behavior in which organisms (especially fish or tadpoles) are tightly organized and move in the same direction in a coordinated manner. [wikipedia:shoaling and schooling]
process;morphine consumption;"behavior related to the intake of morphine." [nboc:gvg]
process;aggressive behavior towards females;"exhibiting a domineering, assault posture and/or hostile physical action towards female animals." [nbo:gvg]
process;behavior stemming from communication intelligence;"behavior stemming from intelligence associated with the capacity of conveying information. (example: behavior adaptation in chimpanzees in order to communicate with humans.)" [nbo:gvg]
process;energy taxis;"locomotory orientation in response to physical parameters involved in energy generation." [go:0009453]
process;climbing stairs;"behavior related to the ascending stairs." [nbo:gvg]
process;social grooming;"behavior related to the activity in which individuals in a group clean or maintain one another's body or appearance." [wikipedia:social grooming]
process;escape learning behavior;"avoid a situation completely." [nbo:gvg]
process;vestibulocollic reflex;"a reflex which results from activation of afferents from the vestibular organs and uses neck movements to stabilize the head position in space." [jax:]
process;memory loss behavior;"behavior related with the gradual loss of information and experiences stored in the memory of an organism." [nbo:gvg]
process;voluntary movement behavior;"behavior related to movements executed with intent." [nbo:gvg]
process;submissive behavior towards females;"a behavior associated with the tendency of an organism towards being passive and willing to yield to female animals." [nbo:gvg]
process;mouth movement;the act of moving any of the tissues and hard structures surrounding the mouth other than teeth, jaws or filter structures [nbo:ac]
process;mate guarding;one member of a recently mating pair prevents the other from subsequent matings with other individuals.
process;crossed extensor reflex;"a reflex where the flexors in the withdrawing limb contract and the extensors relax, while in the other limb, the opposite occurs." [wikipedia:crossed extensor reflex]
process;shivering reflex;"a reflex in which muscle groups around the vital organs begin to shake in small movements in an attempt to create warmth by expending energy." [wikipedia:shivering]
process;tobacco chewing behavior;a behavior of chewing a type of smokeless tobacco maked from cured tobacco leaves. often the tobacco is left in the mouth and chewed but the leaves are not swallowed.
process;crawling behavior;"behavior related to the movement resulting by dragging the body close to the ground." [nbo:gvg]
process;deploy defense;use of behavioral tactics or chemical weapons to deter predation. example: flashing eye spots (behavioral tactic) or expulsion of noxious liquid (chemical).
process;head rotation;the act of moving the head in a plane, circularly, pivoting at the neck [nbo:smac]
process;social acquisition of food;obtaining food that has been procured by other conspecifics or heterospecifics.
process;visual communication behavior;"communication behavior related to the conveyance of ideas and information through creation of visual representations." [wikipedia:visual communication]
process;response to novel environment;"behavior related to the exploration/investigation of a novel environment." [nbo:gvg]
process;sperm scraping;use of specialized male organs to remove sperm already deposited in female's reproductive tract.
process;agitation behavior;"emotional behavior related to excitement or restlessness." [nbo:gvg]
process;scratching;the act of dragging claws or nails over a surface [nbo:ac]
process;gravitactic behavior;"locomotory orientation in response to gravity." [go:0048062]
process;courtship begging;behavior by one animals soliciting food provision by a potential mate.
process;awareness;"behavior related to the state or ability to perceive, to feel, or to be conscious of events, objects or sensory patterns." [wikipedia:awareness]
process;kinesis;"alteration of speed or direction of movement in response to a sensory stimulus." [nbo:gvg]
process;long term hunger regulation;"any process which modulates the physical craving for food over long term food deprivation." [nbo:gvg]
process;aggressive behavior towards humans;"exhibiting a domineering, assault posture and/or hostile physical action towards humans." [nbo:gvg]
process;maternal behavior;"behavior of a mother towards her offspring." [nbo:gvg]
process;pharyngeal reflex;"a reflex contraction of the back of the throat, evoked by touching the soft palate." [wikipedia:gag reflex]
process;visual memory;"ability to store and retrieve previously experienced visual sensations and perceptions when the stimuli that originally evoked them are no longer present." [wikipedia:visual memory]
process;priming;"an implicit memory effect in which exposure to a stimulus influences response to a later stimulus." [nbo:gvg]
process;novelty response behavior;"behavior related to the exploration/investigation of a novel object, situation or environment." [nbo:gvg]
process;alcohol consumption;"a drinking behavior associated with the intake of alcohol." [nbo:gvg]
process;male sexual activity;"behaviour related to the male activity which primary purpose is the sexual reproduction." [nbo:gvg]
process;acute stress response;"behavior related to the preparation of the body to \"fight\" or \"flee\" from perceived attack, harm or threat." [nbo:gvg]
process;oral communication behavior;"communication behavior related to the process of conveying meaning in the form of word messages." [wikipedia:oral communication#oral communication]
process;resting posture;"intentionally or habitually assumed arrangement of the body and its limbs in inactivity." [nbo:gvg]
process;biting;the act of seizing with teeth or jaws an object or organism so as to grip or break the surface covering [nbo:ac]
process;fossorial locomotion behavior;"behavior related to the movement facilitated by the generation of hole or tunnel dug into the ground." [nbo:gvg]
process;spermatophore deposition;deposition of spermatophore either on substrate or in body of female.
process;muscular defense;"a reflex of the abdominal muscles to contract upon mechanical force to the abdomen, and serves as protection." [wikipedia:muscular defense]
process;long term object recognition memory;"a visual object recognition that lasts hours to months and critically depends on a transfer of the information from short term object recognition memory using repeated rehearsals." [nbo:gvg]
process;hetero-barbering;"behavior related to the barbering of other individuals of a cohort." [nbo:gvg]
process;enhance crypsis;behaviors that reduce detectability of performer against background.
process;consumption of an addictive substance;"behavior related to the intake of addictive substances." [nboc:gvg]
process;thermoregulation behavior;"behavior related to the actions by which an organism modulates its internal body temperature." [nbo:gvg]
process;anocutaneous reflex;"reflexive contraction of the external anal sphincter upon stroking of the skin around the anus." [wikipedia:anal wink]
process;event-based prospective memory;"remembering to perform an intended action in respect to a particular event." [nbo:gvg]
process;pupillary light reflex;"a reflex that controls the diameter of the pupil, in response to the intensity (luminance) of light that falls on the retina of the eye, thereby assisting in adaptation to various levels of darkness and light, in addition to retinal sensitivity." [wikipedia:pupillary light reflex]
process;cooling behaviour;behaviors that serve to reduce body temperature as by moving to shade or panting.
process;optokinetic reflex;"a reflex allows the eye to follow objects in motion when the head remains stationary." [wikipedia:optokinetic reflex]
process;graphomotor coordination;"coordination involved in writing." [nbo:gvg]
process;agonistic buffering;carrying or manipulation of infants or equivalent items to reduce chances of aggression on carrier by other animals.
process;aggressive behavior;"a behavioral interaction between organisms in which one organism has the intention of inflicting damage on another individual using physical or verbal means." [wikipedia:aggression]
